{
  "estatisticas": {
    "nome": "mgval_0.30_3C",
    "numVertices": 24,
    "numArestas": 18,
    "numArcos": 25,
    "numVerticesRequeridos": 12,
    "numArestasRequeridas": 12,
    "numArcosRequeridos": 17,
    "densidade": 0.110507,
    "componentes": 1,
    "grauMin": 2,
    "grauMax": 7,
    "caminhoMedio": 6.54167,
    "diametro": 18,
    "intermediacao": [0, 22, 22, 60, 60, 88, 108, 48, 15, 108, 154, 183, 181, 62, 7, 117, 32, 46, 12, 13, 78, 96, 0, 55, 35]
   },
    "matrizDistancia": [
      [0, 2, 1, 3, 5, 8, 11, 12, 9, 7, 9, 9, 10, 12, 10, 11, 13, 14, 10, 9, 11, 13, 10, 11],
      [2, 0, 3, 1, 3, 6, 9, 10, 7, 5, 7, 7, 8, 10, 8, 9, 11, 12, 8, 7, 9, 11, 8, 9],
      [1, 3, 0, 2, 4, 7, 10, 11, 8, 6, 8, 8, 9, 11, 9, 10, 12, 13, 9, 8, 10, 12, 9, 10],
      [3, 1, 2, 0, 2, 5, 8, 9, 6, 4, 6, 6, 7, 9, 7, 8, 10, 11, 7, 6, 8, 10, 7, 8],
      [6, 8, 5, 7, 0, 3, 6, 7, 4, 2, 4, 4, 5, 7, 5, 6, 8, 9, 5, 4, 6, 8, 5, 6],
      [9, 11, 8, 10, 6, 0, 3, 4, 7, 5, 2, 1, 2, 4, 3, 4, 5, 6, 8, 6, 4, 10, 7, 5],
      [12, 14, 11, 13, 9, 3, 0, 1, 10, 8, 5, 4, 5, 4, 6, 7, 8, 7, 11, 9, 7, 13, 10, 8],
      [13, 15, 12, 14, 10, 4, 1, 0, 11, 9, 6, 5, 6, 3, 7, 8, 7, 6, 12, 10, 8, 14, 11, 9],
      [2, 4, 1, 3, 4, 7, 10, 11, 0, 2, 5, 6, 7, 9, 6, 7, 10, 11, 1, 2, 5, 6, 3, 4],
      [4, 6, 3, 5, 2, 5, 8, 9, 2, 0, 3, 4, 5, 7, 4, 5, 8, 9, 3, 2, 5, 6, 3, 4],
      [7, 9, 6, 8, 4, 2, 5, 6, 5, 3, 0, 1, 2, 4, 1, 2, 5, 6, 6, 4, 2, 8, 5, 3],
      [8, 10, 7, 9, 5, 1, 4, 5, 6, 4, 1, 0, 1, 3, 2, 3, 4, 5, 7, 5, 3, 9, 6, 4],
      [9, 11, 8, 10, 6, 2, 5, 5, 7, 5, 2, 1, 0, 2, 3, 4, 3, 4, 8, 6, 4, 10, 7, 5],
      [16, 18, 15, 17, 13, 7, 4, 3, 14, 12, 9, 8, 7, 0, 9, 8, 4, 3, 15, 12, 10, 16, 13, 11],
      [8, 10, 7, 9, 5, 3, 6, 7, 6, 4, 1, 2, 3, 5, 0, 1, 5, 6, 7, 3, 1, 7, 4, 2],
      [9, 11, 8, 10, 6, 2, 5, 6, 7, 5, 2, 1, 2, 4, 1, 0, 4, 5, 8, 4, 2, 8, 5, 3],
      [12, 14, 11, 13, 9, 5, 8, 7, 10, 8, 5, 4, 3, 4, 5, 4, 0, 1, 11, 8, 6, 12, 9, 7],
      [13, 15, 12, 14, 10, 6, 7, 6, 11, 9, 6, 5, 4, 3, 6, 5, 1, 0, 12, 9, 7, 13, 10, 8],
      [3, 5, 2, 4, 5, 8, 11, 12, 1, 3, 6, 7, 8, 10, 5, 6, 10, 11, 0, 1, 4, 5, 2, 3],
      [6, 8, 5, 7, 4, 7, 10, 11, 4, 2, 5, 6, 7, 9, 4, 5, 9, 10, 5, 0, 3, 4, 1, 2],
      [8, 10, 7, 9, 6, 4, 7, 8, 6, 4, 2, 3, 4, 6, 1, 2, 6, 7, 7, 2, 0, 6, 3, 1],
      [6, 8, 5, 7, 8, 9, 12, 13, 4, 6, 7, 8, 9, 11, 6, 7, 11, 12, 3, 4, 5, 0, 3, 4],
      [7, 9, 6, 8, 5, 6, 9, 10, 5, 3, 4, 5, 6, 8, 3, 4, 8, 9, 6, 1, 2, 3, 0, 1],
      [9, 11, 8, 10, 7, 5, 8, 9, 7, 5, 3, 4, 5, 7, 2, 3, 7, 8, 8, 3, 1, 7, 4, 0]
    ],
    "matrizPredecessores": [
      [1, 1, 1, 2, 4, 5, 6, 7, 10, 5, 5, 6, 12, 13, 11, 15, 13, 17, 9, 10, 15, 23, 20, 23],
      [2, 2, 1, 2, 4, 5, 6, 7, 10, 5, 5, 6, 12, 13, 11, 15, 13, 17, 9, 10, 15, 23, 20, 23],
      [3, 1, 3, 3, 4, 5, 6, 7, 10, 5, 5, 6, 12, 13, 11, 15, 13, 17, 9, 10, 15, 23, 20, 23],
      [2, 4, 4, 4, 4, 5, 6, 7, 10, 5, 5, 6, 12, 13, 11, 15, 13, 17, 9, 10, 15, 23, 20, 23],
      [3, 1, 9, 3, 5, 5, 6, 7, 10, 5, 5, 6, 12, 13, 11, 15, 13, 17, 9, 10, 15, 23, 20, 23],
      [3, 1, 9, 3, 11, 6, 6, 7, 10, 11, 12, 6, 12, 13, 11, 15, 13, 17, 9, 21, 15, 23, 20, 21],
      [3, 1, 9, 3, 11, 7, 7, 7, 10, 11, 12, 6, 12, 8, 11, 15, 13, 14, 9, 21, 15, 23, 20, 21],
      [3, 1, 9, 3, 11, 7, 8, 8, 10, 11, 12, 6, 12, 8, 11, 15, 18, 14, 9, 21, 15, 23, 20, 21],
      [3, 1, 9, 3, 10, 5, 6, 7, 9, 9, 10, 11, 12, 13, 11, 15, 13, 17, 9, 19, 24, 23, 20, 23],
      [3, 1, 9, 3, 10, 5, 6, 7, 10, 10, 10, 11, 12, 13, 11, 15, 13, 17, 9, 10, 15, 23, 20, 23],
      [3, 1, 9, 3, 11, 12, 6, 7, 10, 11, 11, 11, 12, 13, 11, 15, 13, 17, 9, 21, 15, 23, 20, 21],
      [3, 1, 9, 3, 11, 12, 6, 7, 10, 11, 12, 12, 12, 13, 11, 15, 13, 17, 9, 21, 15, 23, 20, 21],
      [3, 1, 9, 3, 11, 12, 6, 14, 10, 11, 12, 13, 13, 13, 11, 15, 13, 17, 9, 21, 15, 23, 20, 21],
      [3, 1, 9, 3, 11, 7, 8, 14, 10, 11, 12, 6, 17, 14, 16, 17, 18, 14, 9, 21, 15, 23, 20, 21],
      [3, 1, 9, 3, 11, 12, 6, 7, 10, 11, 15, 11, 12, 13, 15, 15, 16, 17, 9, 21, 15, 23, 20, 21],
      [3, 1, 9, 3, 11, 12, 6, 7, 10, 11, 12, 16, 12, 13, 16, 16, 16, 17, 9, 21, 15, 23, 20, 21],
      [3, 1, 9, 3, 11, 12, 6, 14, 10, 11, 12, 13, 17, 18, 16, 17, 17, 17, 9, 21, 15, 23, 20, 21],
      [3, 1, 9, 3, 11, 12, 8, 14, 10, 11, 12, 13, 17, 18, 16, 17, 18, 18, 9, 21, 15, 23, 20, 21],
      [3, 1, 9, 3, 10, 5, 6, 7, 19, 9, 10, 11, 12, 13, 21, 15, 16, 17, 19, 19, 24, 23, 20, 23],
      [3, 1, 9, 3, 10, 5, 6, 7, 10, 20, 10, 11, 12, 13, 21, 15, 16, 17, 9, 20, 24, 23, 20, 23],
      [3, 1, 9, 3, 11, 12, 6, 7, 10, 20, 15, 11, 12, 13, 21, 15, 16, 17, 9, 21, 21, 23, 20, 21],
      [3, 1, 9, 3, 10, 12, 6, 7, 19, 9, 15, 11, 12, 13, 21, 15, 16, 17, 22, 19, 24, 22, 22, 23],
      [3, 1, 9, 3, 10, 12, 6, 7, 10, 20, 15, 11, 12, 13, 21, 15, 16, 17, 9, 23, 24, 23, 23, 23],
      [3, 1, 9, 3, 11, 12, 6, 7, 10, 20, 15, 11, 12, 13, 21, 15, 16, 17, 9, 21, 24, 23, 20, 24]
    ],
  "grafo_json": "{\n\t\"vertices\": [\n\t\t{ \"id\": 2 },\n\t\t{ \"id\": 3 },\n\t\t{ \"id\": 4 },\n\t\t{ \"id\": 5 },\n\t\t{ \"id\": 8 },\n\t\t{ \"id\": 9 },\n\t\t{ \"id\": 10 },\n\t\t{ \"id\": 11 },\n\t\t{ \"id\": 15 },\n\t\t{ \"id\": 17 },\n\t\t{ \"id\": 19 },\n\t\t{ \"id\": 21 }\n\t],\n\t\"arestas\": [\n\t\t{ \"origem\": 3, \"destino\": 4, \"custoTransito\": 2 },\n\t\t{ \"origem\": 16, \"destino\": 17, \"custoTransito\": 4 },\n\t\t{ \"origem\": 9, \"destino\": 19, \"custoTransito\": 1 },\n\t\t{ \"origem\": 15, \"destino\": 21, \"custoTransito\": 1 },\n\t\t{ \"origem\": 8, \"destino\": 14, \"custoTransito\": 3 },\n\t\t{ \"origem\": 9, \"destino\": 10, \"custoTransito\": 2 },\n\t\t{ \"origem\": 6, \"destino\": 7, \"custoTransito\": 3 },\n\t\t{ \"origem\": 10, \"destino\": 11, \"custoTransito\": 3 },\n\t\t{ \"origem\": 14, \"destino\": 18, \"custoTransito\": 3 },\n\t\t{ \"origem\": 1, \"destino\": 2, \"custoTransito\": 2 },\n\t\t{ \"origem\": 22, \"destino\": 23, \"custoTransito\": 3 },\n\t\t{ \"origem\": 13, \"destino\": 17, \"custoTransito\": 3 },\n\t\t{ \"origem\": 11, \"destino\": 15, \"custoTransito\": 1 },\n\t\t{ \"origem\": 21, \"destino\": 24, \"custoTransito\": 1 },\n\t\t{ \"origem\": 1, \"destino\": 3, \"custoTransito\": 1 },\n\t\t{ \"origem\": 5, \"destino\": 10, \"custoTransito\": 2 },\n\t\t{ \"origem\": 10, \"destino\": 20, \"custoTransito\": 2 },\n\t\t{ \"origem\": 5, \"destino\": 11, \"custoTransito\": 4 }\n\t],\n\t\"arcos\": [\n\t\t{ \"origem\": 13, \"destino\": 12, \"custoTransito\": 1 },\n\t\t{ \"origem\": 23, \"destino\": 24, \"custoTransito\": 1 },\n\t\t{ \"origem\": 16, \"destino\": 15, \"custoTransito\": 1 },\n\t\t{ \"origem\": 23, \"destino\": 20, \"custoTransito\": 1 },\n\t\t{ \"origem\": 12, \"destino\": 6, \"custoTransito\": 1 },\n\t\t{ \"origem\": 6, \"destino\": 12, \"custoTransito\": 1 },\n\t\t{ \"origem\": 22, \"destino\": 19, \"custoTransito\": 3 },\n\t\t{ \"origem\": 7, \"destino\": 8, \"custoTransito\": 1 },\n\t\t{ \"origem\": 12, \"destino\": 11, \"custoTransito\": 1 },\n\t\t{ \"origem\": 4, \"destino\": 5, \"custoTransito\": 2 },\n\t\t{ \"origem\": 21, \"destino\": 20, \"custoTransito\": 2 },\n\t\t{ \"origem\": 11, \"destino\": 12, \"custoTransito\": 1 },\n\t\t{ \"origem\": 13, \"destino\": 14, \"custoTransito\": 2 },\n\t\t{ \"origem\": 12, \"destino\": 13, \"custoTransito\": 1 },\n\t\t{ \"origem\": 20, \"destino\": 23, \"custoTransito\": 1 },\n\t\t{ \"origem\": 18, \"destino\": 17, \"custoTransito\": 1 },\n\t\t{ \"origem\": 16, \"destino\": 12, \"custoTransito\": 1 },\n\t\t{ \"origem\": 5, \"destino\": 6, \"custoTransito\": 3 },\n\t\t{ \"origem\": 15, \"destino\": 16, \"custoTransito\": 1 },\n\t\t{ \"origem\": 19, \"destino\": 20, \"custoTransito\": 1 },\n\t\t{ \"origem\": 8, \"destino\": 7, \"custoTransito\": 1 },\n\t\t{ \"origem\": 2, \"destino\": 4, \"custoTransito\": 1 },\n\t\t{ \"origem\": 4, \"destino\": 2, \"custoTransito\": 1 },\n\t\t{ \"origem\": 9, \"destino\": 3, \"custoTransito\": 1 },\n\t\t{ \"origem\": 17, \"destino\": 18, \"custoTransito\": 1 }\n\t]\n}\n"
}
