{
  "estatisticas": {
    "nome": "mgval_0.35_3A",
    "numVertices": 24,
    "numArestas": 15,
    "numArcos": 33,
    "numVerticesRequeridos": 13,
    "numArestasRequeridas": 9,
    "numArcosRequeridos": 21,
    "densidade": 0.11413,
    "componentes": 1,
    "grauMin": 2,
    "grauMax": 7,
    "caminhoMedio": 6.25543,
    "diametro": 19,
    "intermediacao": [0, 20, 15, 55, 39, 76, 101, 18, 2, 91, 42, 81, 145, 67, 26, 161, 98, 81, 42, 93, 119, 158, 0, 22, 33]
   },
    "matrizDistancia": [
      [0, 2, 1, 3, 5, 8, 11, 19, 2, 4, 7, 9, 10, 16, 7, 8, 12, 13, 3, 4, 6, 6, 8, 7],
      [2, 0, 3, 1, 3, 6, 9, 18, 4, 5, 7, 7, 8, 15, 8, 8, 11, 12, 5, 6, 8, 8, 10, 9],
      [1, 3, 0, 4, 5, 8, 11, 18, 1, 3, 6, 8, 9, 15, 6, 7, 11, 12, 2, 3, 5, 5, 7, 6],
      [3, 1, 2, 0, 2, 5, 8, 17, 3, 4, 6, 6, 7, 14, 7, 7, 10, 11, 4, 5, 7, 7, 9, 8],
      [5, 3, 4, 2, 0, 3, 6, 15, 4, 2, 4, 4, 5, 12, 5, 5, 8, 9, 5, 4, 6, 8, 8, 7],
      [8, 6, 7, 5, 3, 0, 3, 12, 7, 5, 2, 1, 2, 9, 3, 2, 5, 6, 7, 6, 4, 9, 6, 5],
      [11, 9, 10, 8, 6, 3, 0, 15, 10, 8, 5, 4, 5, 12, 6, 5, 8, 9, 10, 9, 7, 12, 9, 8],
      [12, 10, 11, 9, 7, 4, 1, 0, 11, 9, 6, 5, 5, 3, 7, 6, 8, 9, 11, 10, 8, 13, 10, 9],
      [2, 4, 1, 5, 4, 7, 10, 17, 0, 2, 5, 7, 8, 14, 5, 6, 10, 11, 1, 2, 4, 4, 6, 5],
      [4, 5, 3, 4, 2, 5, 8, 16, 2, 0, 3, 6, 7, 13, 4, 5, 9, 10, 3, 2, 4, 6, 6, 5],
      [7, 7, 6, 6, 4, 4, 7, 13, 5, 3, 0, 3, 4, 10, 1, 2, 6, 7, 5, 4, 2, 7, 4, 3],
      [8, 7, 7, 6, 4, 1, 4, 11, 6, 4, 1, 0, 1, 8, 2, 1, 4, 5, 6, 5, 3, 8, 5, 4],
      [9, 8, 8, 7, 5, 2, 5, 10, 7, 5, 2, 1, 0, 7, 3, 2, 3, 4, 7, 6, 4, 9, 6, 5],
      [11, 10, 10, 9, 7, 4, 4, 3, 9, 7, 4, 3, 2, 0, 5, 4, 5, 6, 9, 8, 6, 11, 8, 7],
      [7, 8, 6, 7, 5, 3, 6, 12, 5, 4, 1, 2, 3, 9, 0, 1, 5, 6, 4, 3, 1, 6, 3, 2],
      [8, 8, 7, 7, 5, 2, 5, 11, 6, 5, 2, 1, 2, 8, 1, 0, 4, 5, 5, 4, 2, 7, 4, 3],
      [12, 11, 11, 10, 8, 5, 8, 7, 10, 8, 5, 4, 3, 4, 5, 4, 0, 1, 9, 8, 6, 11, 8, 7],
      [13, 12, 12, 11, 9, 6, 7, 6, 11, 9, 6, 5, 4, 3, 6, 5, 1, 0, 10, 9, 7, 12, 9, 8],
      [3, 5, 2, 6, 5, 7, 10, 16, 1, 3, 5, 6, 7, 13, 4, 5, 9, 10, 0, 1, 3, 3, 5, 4],
      [4, 6, 3, 6, 4, 6, 9, 15, 2, 2, 4, 5, 6, 12, 3, 4, 8, 9, 1, 0, 2, 4, 4, 3],
      [6, 8, 5, 8, 6, 4, 7, 13, 4, 4, 2, 3, 4, 10, 1, 2, 6, 7, 3, 2, 0, 5, 2, 1],
      [6, 8, 5, 9, 8, 10, 13, 19, 4, 6, 8, 9, 10, 16, 7, 8, 12, 13, 3, 4, 6, 0, 3, 7],
      [5, 7, 4, 7, 5, 7, 10, 16, 3, 3, 5, 6, 7, 13, 4, 5, 9, 10, 2, 1, 3, 3, 0, 4],
      [6, 8, 5, 8, 6, 5, 8, 14, 4, 4, 3, 4, 5, 11, 2, 3, 7, 8, 3, 2, 1, 4, 1, 0]
    ],
    "matrizPredecessores": [
      [1, 1, 1, 2, 4, 5, 6, 14, 3, 9, 10, 6, 12, 18, 21, 15, 16, 17, 9, 19, 20, 19, 24, 21],
      [2, 2, 1, 2, 4, 5, 6, 14, 3, 5, 5, 6, 12, 18, 11, 12, 13, 17, 9, 19, 20, 19, 24, 21],
      [3, 1, 3, 2, 10, 5, 6, 14, 3, 9, 10, 16, 12, 18, 21, 15, 16, 17, 9, 19, 20, 19, 24, 21],
      [2, 4, 4, 4, 4, 5, 6, 14, 3, 5, 5, 6, 12, 18, 11, 12, 13, 17, 9, 19, 20, 19, 24, 21],
      [2, 4, 4, 5, 5, 5, 6, 14, 10, 5, 5, 6, 12, 18, 11, 12, 13, 17, 9, 10, 15, 19, 24, 21],
      [2, 4, 4, 5, 6, 6, 6, 14, 10, 5, 12, 6, 12, 18, 11, 12, 13, 17, 20, 21, 15, 23, 24, 21],
      [2, 4, 4, 5, 6, 7, 7, 14, 10, 5, 12, 6, 12, 18, 11, 12, 13, 17, 20, 21, 15, 23, 24, 21],
      [2, 4, 4, 5, 6, 7, 8, 8, 10, 5, 12, 6, 14, 8, 11, 12, 13, 17, 20, 21, 15, 23, 24, 21],
      [3, 1, 9, 2, 10, 5, 6, 14, 9, 9, 10, 16, 12, 18, 21, 15, 16, 17, 9, 19, 20, 19, 24, 21],
      [3, 4, 9, 5, 10, 5, 6, 14, 10, 10, 10, 6, 12, 18, 11, 15, 16, 17, 9, 10, 20, 19, 24, 21],
      [3, 4, 9, 5, 11, 12, 6, 14, 10, 11, 11, 16, 12, 18, 11, 15, 16, 17, 20, 21, 15, 23, 24, 21],
      [3, 4, 9, 5, 6, 12, 6, 14, 10, 11, 12, 12, 12, 18, 11, 12, 13, 17, 20, 21, 15, 23, 24, 21],
      [3, 4, 9, 5, 6, 12, 6, 14, 10, 11, 12, 13, 13, 18, 11, 12, 13, 17, 20, 21, 15, 23, 24, 21],
      [3, 4, 9, 5, 6, 12, 8, 14, 10, 11, 12, 13, 14, 14, 11, 12, 13, 17, 20, 21, 15, 23, 24, 21],
      [3, 4, 9, 5, 11, 12, 6, 14, 19, 11, 15, 16, 12, 18, 15, 15, 16, 17, 20, 21, 15, 23, 24, 21],
      [3, 4, 9, 5, 6, 12, 6, 14, 19, 11, 12, 16, 12, 18, 16, 16, 16, 17, 20, 21, 15, 23, 24, 21],
      [3, 4, 9, 5, 6, 12, 6, 14, 10, 11, 12, 13, 17, 18, 16, 17, 17, 17, 20, 21, 15, 23, 24, 21],
      [3, 4, 9, 5, 6, 12, 8, 14, 10, 11, 12, 13, 17, 18, 16, 17, 18, 18, 20, 21, 15, 23, 24, 21],
      [3, 1, 9, 2, 10, 12, 6, 14, 19, 9, 15, 16, 12, 18, 21, 15, 16, 17, 19, 19, 20, 19, 24, 21],
      [3, 1, 9, 5, 10, 12, 6, 14, 19, 20, 15, 16, 12, 18, 21, 15, 16, 17, 20, 20, 20, 19, 24, 21],
      [3, 1, 9, 5, 11, 12, 6, 14, 19, 20, 15, 16, 12, 18, 21, 15, 16, 17, 20, 21, 21, 23, 24, 21],
      [3, 1, 9, 2, 10, 12, 6, 14, 19, 9, 15, 16, 12, 18, 21, 15, 16, 17, 22, 19, 20, 22, 22, 21],
      [3, 1, 9, 5, 10, 12, 6, 14, 19, 20, 15, 16, 12, 18, 21, 15, 16, 17, 20, 23, 20, 23, 23, 21],
      [3, 1, 9, 5, 10, 12, 6, 14, 19, 20, 15, 16, 12, 18, 21, 15, 16, 17, 20, 23, 24, 23, 24, 24]
    ],