{
  "estatisticas": {
    "nome": "mgval_0.50_3B",
    "numVertices": 24,
    "numArestas": 16,
    "numArcos": 29,
    "numVerticesRequeridos": 15,
    "numArestasRequeridas": 8,
    "numArcosRequeridos": 14,
    "densidade": 0.110507,
    "componentes": 1,
    "grauMin": 2,
    "grauMax": 5,
    "caminhoMedio": 8.08877,
    "diametro": 23,
    "intermediacao": [0, 22, 22, 60, 60, 198, 153, 126, 110, 115, 146, 96, 93, 104, 124, 80, 18, 5, 5, 72, 94, 70, 0, 40, 23]
   },
    "matrizDistancia": [
      [0, 2, 1, 3, 6, 9, 12, 13, 2, 4, 7, 8, 9, 11, 7, 8, 12, 14, 3, 4, 6, 6, 5, 6],
      [2, 0, 3, 1, 8, 11, 14, 15, 4, 6, 9, 10, 11, 13, 9, 10, 14, 16, 5, 6, 8, 8, 7, 8],
      [1, 3, 0, 2, 5, 8, 11, 12, 1, 3, 6, 7, 8, 10, 6, 7, 11, 13, 2, 3, 5, 5, 4, 5],
      [3, 1, 2, 0, 7, 10, 13, 14, 3, 5, 8, 9, 10, 12, 8, 9, 13, 15, 4, 5, 7, 7, 6, 7],
      [5, 3, 4, 2, 0, 3, 6, 7, 4, 2, 4, 4, 5, 7, 5, 5, 9, 10, 5, 4, 6, 8, 5, 6],
      [8, 6, 7, 5, 3, 0, 3, 4, 7, 5, 7, 1, 2, 4, 8, 2, 6, 7, 8, 7, 9, 11, 8, 9],
      [11, 9, 10, 8, 6, 3, 0, 1, 10, 8, 10, 4, 5, 4, 11, 5, 8, 7, 11, 10, 12, 14, 11, 12],
      [12, 10, 11, 9, 7, 4, 1, 0, 11, 9, 11, 5, 6, 3, 12, 6, 7, 6, 12, 11, 13, 15, 12, 13],
      [9, 7, 8, 6, 4, 7, 10, 11, 0, 2, 5, 6, 7, 9, 5, 6, 10, 12, 1, 2, 4, 4, 3, 4],
      [7, 5, 6, 4, 2, 5, 8, 9, 2, 0, 3, 4, 5, 7, 4, 5, 9, 10, 3, 2, 4, 6, 3, 4],
      [9, 7, 8, 6, 4, 7, 8, 7, 5, 3, 0, 1, 2, 4, 1, 2, 6, 7, 5, 4, 2, 8, 4, 3],
      [18, 16, 17, 15, 13, 10, 7, 6, 17, 15, 17, 0, 1, 3, 18, 1, 5, 6, 18, 17, 19, 21, 18, 19],
      [17, 15, 16, 14, 12, 9, 6, 5, 16, 14, 16, 1, 0, 2, 17, 2, 6, 5, 17, 16, 18, 20, 17, 18],
      [15, 13, 14, 12, 10, 7, 4, 3, 14, 12, 14, 8, 7, 0, 15, 8, 4, 3, 15, 14, 16, 18, 15, 16],
      [10, 8, 9, 7, 5, 8, 9, 8, 5, 4, 1, 2, 3, 5, 0, 1, 5, 8, 4, 3, 1, 7, 3, 2],
      [19, 17, 18, 16, 14, 11, 8, 7, 18, 16, 18, 1, 2, 4, 19, 0, 4, 7, 19, 18, 20, 22, 19, 20],
      [20, 18, 19, 17, 15, 12, 9, 8, 19, 17, 19, 4, 3, 5, 20, 4, 0, 8, 20, 19, 21, 23, 20, 21],
      [18, 16, 17, 15, 13, 10, 7, 6, 17, 15, 17, 5, 4, 3, 18, 5, 1, 0, 18, 17, 19, 21, 18, 19],
      [10, 8, 9, 7, 5, 8, 11, 12, 1, 3, 5, 6, 7, 9, 4, 5, 9, 12, 0, 1, 3, 3, 2, 3],
      [9, 7, 8, 6, 4, 7, 10, 11, 2, 2, 4, 5, 6, 8, 3, 4, 8, 11, 1, 0, 2, 4, 1, 2],
      [11, 9, 10, 8, 6, 9, 10, 9, 4, 4, 2, 3, 4, 6, 1, 2, 6, 9, 3, 2, 0, 6, 2, 1],
      [13, 11, 12, 10, 8, 11, 14, 14, 4, 6, 7, 8, 9, 11, 6, 7, 11, 14, 3, 4, 5, 0, 3, 4],
      [10, 8, 9, 7, 5, 8, 11, 11, 3, 3, 4, 5, 6, 8, 3, 4, 8, 11, 2, 1, 2, 5, 0, 1],
      [11, 9, 10, 8, 6, 9, 11, 10, 4, 4, 3, 4, 5, 7, 2, 3, 7, 10, 3, 2, 1, 6, 1, 0]
    ],
    "matrizPredecessores": [
      [1, 1, 1, 2, 10, 5, 6, 7, 3, 9, 10, 11, 12, 13, 21, 15, 16, 14, 9, 19, 20, 19, 20, 23],
      [2, 2, 1, 2, 10, 5, 6, 7, 3, 9, 10, 11, 12, 13, 21, 15, 16, 14, 9, 19, 20, 19, 20, 23],
      [3, 1, 3, 3, 10, 5, 6, 7, 3, 9, 10, 11, 12, 13, 21, 15, 16, 14, 9, 19, 20, 19, 20, 23],
      [2, 4, 4, 4, 10, 5, 6, 7, 3, 9, 10, 11, 12, 13, 21, 15, 16, 14, 9, 19, 20, 19, 20, 23],
      [2, 4, 4, 5, 5, 5, 6, 7, 10, 5, 5, 6, 12, 13, 11, 12, 16, 14, 9, 10, 15, 19, 20, 23],
      [2, 4, 4, 5, 6, 6, 6, 7, 10, 5, 5, 6, 12, 13, 11, 12, 16, 14, 9, 10, 15, 19, 20, 23],
      [2, 4, 4, 5, 6, 7, 7, 7, 10, 5, 5, 6, 12, 8, 11, 12, 18, 14, 9, 10, 15, 19, 20, 23],
      [2, 4, 4, 5, 6, 7, 8, 8, 10, 5, 5, 6, 12, 8, 11, 12, 18, 14, 9, 10, 15, 19, 20, 23],
      [2, 4, 4, 5, 10, 5, 6, 7, 9, 9, 10, 11, 12, 13, 21, 15, 16, 14, 9, 19, 20, 19, 20, 23],
      [2, 4, 4, 5, 10, 5, 6, 7, 10, 10, 10, 11, 12, 13, 11, 12, 16, 14, 9, 10, 20, 19, 20, 23],
      [2, 4, 4, 5, 11, 5, 8, 14, 10, 11, 11, 11, 12, 13, 11, 12, 16, 14, 20, 21, 15, 19, 24, 21],
      [2, 4, 4, 5, 6, 7, 8, 14, 10, 5, 5, 12, 12, 13, 11, 12, 16, 14, 9, 10, 15, 19, 20, 23],
      [2, 4, 4, 5, 6, 7, 8, 14, 10, 5, 5, 13, 13, 13, 11, 12, 16, 14, 9, 10, 15, 19, 20, 23],
      [2, 4, 4, 5, 6, 7, 8, 14, 10, 5, 5, 6, 17, 14, 11, 17, 18, 14, 9, 10, 15, 19, 20, 23],
      [2, 4, 4, 5, 11, 5, 8, 14, 19, 11, 15, 11, 12, 13, 15, 15, 16, 14, 20, 21, 15, 19, 24, 21],
      [2, 4, 4, 5, 6, 7, 8, 14, 10, 5, 5, 16, 12, 13, 11, 16, 16, 14, 9, 10, 15, 19, 20, 23],
      [2, 4, 4, 5, 6, 7, 8, 14, 10, 5, 5, 13, 17, 13, 11, 17, 17, 14, 9, 10, 15, 19, 20, 23],
      [2, 4, 4, 5, 6, 7, 8, 14, 10, 5, 5, 13, 17, 18, 11, 17, 18, 18, 9, 10, 15, 19, 20, 23],
      [2, 4, 4, 5, 10, 5, 6, 7, 19, 9, 15, 11, 12, 13, 21, 15, 16, 14, 19, 19, 20, 19, 20, 23],
      [2, 4, 4, 5, 10, 5, 6, 7, 19, 20, 15, 11, 12, 13, 21, 15, 16, 14, 20, 20, 20, 19, 20, 23],
      [2, 4, 4, 5, 11, 5, 8, 14, 19, 20, 15, 11, 12, 13, 21, 15, 16, 14, 20, 21, 21, 19, 24, 21],
      [2, 4, 4, 5, 10, 5, 6, 14, 19, 9, 15, 11, 12, 13, 21, 15, 16, 14, 22, 19, 24, 22, 22, 23],
      [2, 4, 4, 5, 10, 5, 6, 14, 19, 20, 15, 11, 12, 13, 21, 15, 16, 14, 20, 23, 24, 19, 23, 23],
      [2, 4, 4, 5, 10, 5, 8, 14, 19, 20, 15, 11, 12, 13, 21, 15, 16, 14, 20, 23, 24, 19, 24, 24]
    ],